Date,District,Total_Fish_Landing_Tonnes,Indian_Mackerel_Tonnes,Oil_Sardine_Tonnes,Horse_Mackerel_Tonnes,Lesser_Sardine_Tonnes,Sea_Surface_Temperature_C,Wave_Height_m,Wave_Period_s,Wind_Speed_mps,Salinity_PSU,Dissolved_Oxygen_mg_L,pH_Level,Air_Pressure_hPa,Chlorophyll_a_mg_m3
05-01-2019,Palghar,1977.08,930.47,581.49,680.67,692.87,30.24,1.1,10.14,13.47,35.98,6.4,8.11,1014.77,2.114
08-01-2019,Palghar,1082.94,1185.53,832.01,581.21,134.38,25.31,3.95,8.8,2.19,34.76,5.13,8.12,1009.65,1.262
12-01-2019,Mumbai,3848.23,1185.23,706.61,135.63,464.96,25.48,3.16,6.14,14.67,34.87,5.02,7.52,1008.58,0.848
13-01-2019,Thane,788.99,1138.39,187.26,646.74,484.56,24.98,3.49,4.91,7.41,34.3,5.96,8.42,1006.65,2.255
17-01-2019,Raigad,1050.84,201.06,136.1,791.43,321.86,30.65,3.12,4.46,8.23,35.84,5.19,8.27,1005.42,1.149
28-01-2019,Thane,2460.95,231.4,768.9,537.84,203.2,30.83,2.66,3.76,3.16,36.44,7.97,8.13,1005.74,2.381
07-02-2019,Mumbai,3579.16,435.06,248.37,729.85,482.12,30.46,1.42,6.63,3.31,33.03,6.7,7.52,1011.53,1.915
15-02-2019,Palghar,1234.7,413.11,79.47,380.25,553.45,28.33,2.37,6.8,7.31,33.87,7.01,8.19,1008.04,2.192
20-02-2019,Mumbai,2953.81,1120.52,922.47,335.04,99.78,25.65,2.68,11.68,9.64,35.64,6.65,8.47,1005.25,1.139
21-02-2019,Mumbai,2651.44,986.87,112.9,64.29,583.02,27.42,2.5,3.56,4.04,34.19,5.18,8.24,1011.44,2.131
26-02-2019,Raigad,969.1,1009.98,424.9,184.96,56.14,25.62,0.76,8.48,8.78,36.29,5.25,8.43,1007.75,1.202
10-03-2019,Sindhudurg,1133.96,815.36,878.26,793.08,386.3,30.63,1.63,9.81,11.53,33.81,5.47,8.19,1010.82,2.151
14-03-2019,Sindhudurg,865.05,105.07,612.12,542.47,679.62,30.24,0.98,8.44,2.97,33.36,6.44,8.32,1010.81,1.296
15-03-2019,Thane,3541.52,260.62,129.31,106.39,243.93,26.51,3.14,6.69,14,36.71,7.86,7.98,1012.6,0.871
21-03-2019,Raigad,3604.21,826.69,273.01,474.68,402.05,27.76,2.63,6.1,7.94,33.56,5.29,8.49,1008.44,2.424
04-04-2019,Raigad,2375.42,953.94,130.31,660.89,181.7,26.4,2.16,9.74,4.04,34.86,5.73,8.17,1006.57,1.487
09-04-2019,Palghar,3715.15,554.96,547.07,657.65,374.08,28.82,3.11,7.03,10.33,34.12,7.63,7.71,1013.35,2.272
18-04-2019,Ratnagiri,2014.29,1048.28,114.78,378.65,185.44,25.89,2.44,7.01,8.06,33.1,7.9,7.96,1008.59,0.566
03-05-2019,Raigad,3574.42,674.71,363.62,584.21,550.55,31.01,2.47,6.6,6.91,34.15,6.08,7.61,1013.66,1.325
06-05-2019,Palghar,1412.87,927.57,267.99,666.48,127.58,26.38,1.88,11.81,4.75,34.03,5.89,8.21,1008.26,0.548
15-05-2019,Ratnagiri,3795.83,210.25,247.52,65.97,615.5,27.83,3.46,6.28,11.1,35.07,6.29,8.29,1010.55,1.865
21-05-2019,Raigad,612.68,277.1,913.28,309.82,646.17,24.57,2.1,11.46,14.35,36.49,7.73,8,1012.77,0.944
25-05-2019,Thane,901.79,636.38,56.92,334.31,312.31,29.86,2.23,6.02,5.92,36.31,6.03,7.7,1005.51,1.367
28-05-2019,Thane,1505.58,946.62,384.15,374.88,178.22,31.34,2.39,4.26,5.71,35.25,6.49,8.23,1008.86,0.733
02-06-2019,Ratnagiri,2783.34,611.63,871.68,293.81,433.69,26.27,0.5,4.74,12.11,36.19,5.67,8.14,1007.38,0.775
08-06-2019,Sindhudurg,3829,681.87,265.98,426.47,501.99,25.85,1.22,8.98,4.06,35.64,6.51,7.7,1005.82,2.277
12-06-2019,Ratnagiri,646.84,264.62,399.02,511.02,361.8,29.62,0.99,5.8,3.67,36.75,5.62,8.12,1006.07,2.21
13-06-2019,Sindhudurg,3007.72,862.47,923.13,478.67,417.03,25.25,1.35,3.54,6.54,34.81,7.98,8.25,1011.67,0.67
30-06-2019,Sindhudurg,4345.36,764.73,535.3,480.4,571.46,30.46,2.47,9.71,7.61,34.21,6.25,8.13,1005.29,1.552
04-07-2019,Mumbai,3817.04,683.47,241.01,461.46,242.14,27.8,1.31,10.38,10.36,34.45,7.64,8.14,1013,0.676
05-07-2019,Raigad,1350.43,265.9,181.94,756.07,110.85,26.59,1.38,9.43,7.22,36.85,5.4,8.27,1014.06,0.918
07-07-2019,Mumbai,4840.21,886.21,82.81,405.94,32.16,26.62,1.2,4.94,6.42,35.04,7.3,8.06,1010.71,1.414
12-07-2019,Sindhudurg,1895.08,938.66,379.16,742.63,198.37,25.93,1.14,7.59,5.22,35.69,5.17,8.16,1005.31,1.209
26-07-2019,Sindhudurg,4100.78,691.79,393.2,372.83,272.72,25.51,2.8,10.32,11.45,34.84,7.27,8.48,1008.95,1.124
07-08-2019,Palghar,1652.17,276.24,843.37,583.49,222.48,28.92,3.29,7.43,9.96,34.92,7.07,7.67,1007.71,2.248
17-08-2019,Ratnagiri,704.89,842.78,303.27,56.56,693.69,27.78,1.11,4.91,3.05,33.42,5.33,8.17,1011.87,0.593
22-08-2019,Ratnagiri,4556.78,1114.4,770.54,32.76,475.45,31.48,3.5,11.47,11.62,36.45,7.21,7.5,1006.73,0.721
23-08-2019,Palghar,2612.88,802.78,427.73,423.73,363.36,26.43,3.74,4.94,8.24,34.12,7.51,8.33,1006.08,2.302
31-08-2019,Ratnagiri,1632.56,538.57,561.31,447.05,267.74,29.53,3.39,10.01,2.86,34.23,7.41,7.56,1012.74,1.203
01-09-2019,Ratnagiri,846.05,1171.35,956.58,167.08,147.61,31.16,1.54,4.25,8.2,36.4,6.18,7.65,1005.01,1.843
07-09-2019,Raigad,2209.39,428.48,480.7,475.78,334.99,29.26,2.34,3.72,5.36,36.4,5.29,7.73,1014.45,0.722
18-09-2019,Ratnagiri,832.92,499.46,465.63,285,539.46,30.69,2.7,11.56,12.45,35.15,6.1,8.15,1014.66,0.539
19-09-2019,Palghar,4031.71,1000.59,718.87,644.53,581.4,28.35,3.56,8.27,7.6,34.47,6.97,8.35,1013.71,0.645
01-10-2019,Sindhudurg,727,650.12,538.09,386.46,226.6,26.74,0.86,6.36,4.23,34.12,7.5,7.71,1006.59,1.243
03-10-2019,Mumbai,1515.67,443.14,386.27,294.3,561.54,29.59,3.14,5.27,2.79,33.75,7.79,8.08,1011.26,0.51
05-10-2019,Raigad,4982.54,442.62,170,606.05,178.1,31.97,2.8,4.45,10.03,34.13,5,8.22,1013.22,0.932
07-10-2019,Mumbai,2038.73,1165.84,664.32,498.16,614.4,24.99,3.75,6.62,13.07,35.58,5.38,7.55,1010.6,1.877
10-10-2019,Mumbai,1219.13,180.11,597.34,144.5,115.28,25.49,2.7,3.33,12.02,33.12,5.76,8.47,1010.12,1.237
12-10-2019,Thane,2807.97,1196.39,872.91,394.56,625.93,30.09,1.73,4.37,14.28,34.02,7.53,7.73,1006.16,0.8
28-10-2019,Thane,938.22,238.22,933.37,497.69,28.42,25.92,3.23,8.4,7.06,36.85,6.12,7.54,1013.96,2.342
03-11-2019,Raigad,1982.48,968.33,492.25,642.92,159.93,31.29,3.41,8.49,11.4,35.91,7.65,8.34,1011.19,1.062
09-11-2019,Raigad,4208.99,551.74,324.12,432.73,118.6,25.84,0.83,4.51,14.21,34.68,5.48,8.08,1014.91,1.599
12-11-2019,Ratnagiri,4316.68,180.71,283.51,137.39,454.87,24.96,2.6,3.79,10.98,33.45,7.54,8.44,1012.46,0.874
18-11-2019,Palghar,4617.05,1100.35,665.11,547.05,573.9,30.32,3.7,7.93,2.77,36.55,5.3,8.15,1009.39,0.974
26-11-2019,Ratnagiri,2229.68,201.4,477.94,587.85,137.38,26.41,2.24,10.12,2.13,35.68,7.88,8.39,1014.76,2.344
02-12-2019,Thane,3515.26,447.06,449.28,232.22,148.05,26.12,2.4,8.27,9.3,34.81,5.92,7.69,1014.7,2.497
03-12-2019,Sindhudurg,2170.55,163.83,80.25,724.21,377.96,31.04,2.18,8.49,9.38,33.65,5.8,8.22,1011.99,1.11
08-12-2019,Raigad,2839.99,1030.15,625.21,633.53,297.95,27.12,1.15,4.76,5.33,35.65,6.4,7.61,1014.66,2.394
09-12-2019,Sindhudurg,2930.96,188.7,143.01,301.73,148.01,30.42,3.18,9.38,8.74,36,7.33,8.18,1014.21,2.023
10-12-2019,Ratnagiri,1764.61,1043.95,244.23,489.85,640.6,27.96,3.09,9.68,12.46,36.21,6.43,8.44,1013.88,1.203
27-12-2019,Sindhudurg,3618.06,1076.1,299.38,396.73,527.32,31.89,3.64,4.05,14.91,36.08,5.12,7.89,1009.27,1.301
23-01-2020,Sindhudurg,1723.39,465.87,379.11,301.69,175.02,24.38,3.75,10.54,14.09,33.64,6.61,8.03,1009.32,2.024
25-01-2020,Sindhudurg,4564.67,648.33,74.56,52.37,146.83,31.13,2.11,8.86,12.37,34.25,5.92,8.32,1014.04,0.733
03-02-2020,Raigad,3651.47,520.23,639.78,186.3,236.64,24.09,2.84,6.06,2.42,33.05,7.27,7.77,1008.4,1.703
05-02-2020,Raigad,4098.7,744.03,535.59,529.99,333.69,29.76,0.96,9.62,12.96,36.39,6.97,8.34,1006.66,0.75
16-02-2020,Sindhudurg,2742.81,1146.94,494.47,546.61,468.63,30.24,1.06,8.63,3.59,35.57,7.23,7.72,1006.49,1.502
28-02-2020,Ratnagiri,1578.69,1126.79,457.35,509.5,400.35,25.08,2.76,9.06,12.26,35.19,6.93,8.15,1006.74,2.134
04-03-2020,Ratnagiri,1926.91,319.87,143.37,571.1,681.21,28.15,1.76,8.64,4.69,36.81,5.94,8.28,1006.33,1.054
10-03-2020,Raigad,559.02,840.34,219.5,252.42,448.72,26.73,2.69,7.8,5.12,34.1,5.85,8.19,1009.76,0.996
17-03-2020,Thane,932.78,317.47,402.17,208.47,358.6,30.41,3.51,8.09,7.1,35.05,5.74,8.09,1011.01,1.899
19-03-2020,Raigad,4653.18,741.73,90.43,318.71,659.39,26.67,1.81,5.14,7.07,36.66,6.87,7.6,1006.92,0.947
26-03-2020,Sindhudurg,4514.92,770.88,312.01,588.86,336.46,28.72,3.31,7.1,8.42,33.64,7.28,8.04,1013.3,1.721
12-04-2020,Raigad,1021.21,940.55,987.23,630.91,416.78,27.52,3.61,11.17,11.33,33.85,5.83,8.17,1013.67,1.152
16-04-2020,Mumbai,4411.66,364.09,818.99,637.04,668.75,31.4,0.85,11.56,14.69,34.06,5.99,7.71,1014.18,0.801
17-04-2020,Ratnagiri,2864.54,125.08,336.04,192.82,355.39,25.1,3.63,3.92,13.85,34.65,5.08,8.17,1006.71,2.134
26-04-2020,Ratnagiri,2163.24,438.74,770.72,659.14,513.64,28.48,3.27,3.27,4.53,34.07,5.31,7.9,1005.97,1.514
01-05-2020,Sindhudurg,1281.36,746.59,490.55,233.98,545.3,26.38,0.87,8.46,2.92,33.75,5.27,7.53,1008.73,1.723
07-05-2020,Palghar,2966.73,1043.58,583.85,537.6,568.98,31.84,1.93,6.85,2.17,36.03,6.72,7.7,1009.12,1.622
08-05-2020,Mumbai,4037.54,1157.48,242.63,425.17,253.54,25.51,0.65,9.47,10.95,34.09,5.78,7.99,1009.31,2.323
22-05-2020,Raigad,4934.21,431.15,418.12,420.21,482.79,30.48,2.79,9,12.63,35.32,7.42,8.34,1008.98,1.474
24-05-2020,Mumbai,2334.91,713.71,339.09,124.8,267.43,26.09,1.87,6.76,13.37,33.66,6.73,8.44,1014.05,0.518
07-06-2020,Mumbai,2079.08,512.52,66.44,426.06,399.24,26.51,3.6,7.17,10.73,33.41,5.13,7.54,1007.95,2.34
18-06-2020,Ratnagiri,4783.3,992.52,76.83,236.12,371.55,27.44,2.51,7.89,5.36,34.86,6.54,8.11,1012.57,1.74
19-06-2020,Sindhudurg,4935.81,564.02,167,431.33,70.51,25.25,1.91,11.93,7.07,35.92,7.66,8.38,1007.46,0.791
26-06-2020,Raigad,1967.36,260.95,576.42,264.09,470.28,29.62,0.98,7.26,4.47,36.38,5.07,8.22,1013.01,1.67
10-07-2020,Raigad,3055.92,917.57,472.42,567.93,101.26,31.61,2.12,4.55,8.24,33.18,7.26,8.32,1014.44,1.947
13-07-2020,Sindhudurg,2328.6,112.48,331.34,49.77,101.66,24.76,2.78,9.06,12.04,36.02,5.85,8.31,1014.59,1.022
27-07-2020,Thane,2717.27,106.31,562.12,505.29,358.91,24.72,1.33,4.15,13.44,36.37,5.98,8.26,1007.74,1.205
30-07-2020,Raigad,1067.3,546.87,52.21,461.74,112.1,26.4,2.05,4.1,2.22,35.84,6.83,8.49,1008.29,1.228
26-08-2020,Raigad,2127.62,154.51,462.83,638.65,525.68,28.59,0.51,4,5.78,33.7,5.56,8.06,1013.86,1.478
30-08-2020,Raigad,1879.2,710.05,413.78,438.3,450.91,31.52,2.09,7.13,10.3,35.32,5.73,7.77,1013.73,1.906
04-09-2020,Thane,3091.64,704.64,952.21,284.19,114.1,25.66,1.5,9.2,3.44,34.39,6.47,8.2,1008.08,1.904
06-09-2020,Mumbai,2385.8,277.62,604.52,594.94,483.5,25.32,3.02,4.44,7.4,36.82,7.3,7.86,1013.68,1.346
07-09-2020,Raigad,3985.93,963.24,471.85,558.6,318.09,31.26,2.19,3.2,7.74,36.57,5.8,7.66,1005.48,1.098
11-09-2020,Ratnagiri,4971.28,265.9,372.11,557.91,381.95,25.78,2.66,5.89,9.78,36.1,7.41,8.27,1007.34,0.781
18-09-2020,Thane,4471.41,628.49,483.39,754.27,54.24,24.97,1.17,10.76,14.5,36.32,7.83,7.85,1011.48,1.839
21-09-2020,Thane,1703.91,807.39,816.73,371.19,376.12,26.6,2.12,10.34,6.31,34.03,6.61,7.74,1008.47,2.437
25-09-2020,Mumbai,2475.24,262.04,638.17,157.6,277.46,28.22,2.04,4.98,12.99,34.6,5.58,8.14,1012.36,1.607
03-10-2020,Raigad,2712.48,526.47,199.31,443.02,303.48,29.71,2.64,11.55,6.16,33.07,6.62,8.08,1012.45,1.73
07-10-2020,Raigad,4024.6,797.52,391.87,679.1,467.28,29.65,2.18,11.02,11.09,35.08,5.84,8.29,1012.13,2.287
08-10-2020,Mumbai,4759.96,136.82,168.19,191.46,237.77,26.11,2.82,10.67,11.22,35.6,7.5,8.37,1008.06,1.016
10-10-2020,Ratnagiri,2253.09,1199.16,980.75,120.45,369.41,28.6,3.25,6.75,10.82,33.63,6.97,7.92,1010.93,2.476
16-10-2020,Sindhudurg,4765.18,905.03,801.37,536.63,239.92,27.26,1.7,4.31,11.74,35.8,7.78,8.36,1011.6,1.289
24-10-2020,Palghar,1291.87,901.69,670.12,217.11,65.92,30.06,2.32,7.79,3.79,36.16,5.99,8.31,1011.73,2.136
25-10-2020,Mumbai,1157.06,594.6,858.04,591.41,162.29,28.58,3.05,3.62,14.8,35.35,5.04,7.99,1011.76,2.262
05-11-2020,Palghar,4741.57,205.03,548.07,447.53,27.93,26.78,2.09,5.6,10.47,35.88,7.35,7.98,1008.44,2.135
06-11-2020,Ratnagiri,3149.98,713.41,411.8,727.08,525.86,31.28,3.81,3.47,3.41,36.28,6.2,7.8,1009.14,1.432
08-11-2020,Raigad,3746.44,580.63,403.03,611.28,576.37,31.83,2.65,3.09,4.8,33.11,6.33,8.15,1009.58,0.651
09-11-2020,Ratnagiri,1619.94,1077.47,735.62,255.01,434.15,26.78,3.72,7.28,2.42,35.46,6.22,8.23,1013.75,2.369
13-11-2020,Palghar,2862.63,135.07,942.33,370.67,424.65,25.79,3.72,7.86,14.71,33.28,7.09,7.56,1011.79,1.368
14-11-2020,Mumbai,1859.32,1056.64,730,595.4,605.8,27.67,3.13,7.05,6.86,35.24,7.66,7.62,1013.85,2.246
25-11-2020,Mumbai,3028.31,713.24,319.13,388.76,553.73,28.23,2.54,9.23,4.34,34.02,5.48,8.43,1011.93,0.598
30-11-2020,Ratnagiri,3353.91,332.25,767.39,693.73,390.83,30.66,2.41,3.92,2.63,33.24,6.4,8.33,1014.33,2.147
01-12-2020,Ratnagiri,3027.64,834.48,673.69,664.25,321.31,28.16,1.9,10.89,7.38,34.06,7.48,7.89,1010.53,1.072
04-12-2020,Sindhudurg,3211.87,970.96,532.19,420.84,156.43,28.33,2.57,10.51,13.15,35.03,7.97,8.29,1006.68,2.183
11-12-2020,Palghar,3277.97,989.75,791.46,302.18,577.39,28.71,0.51,10.59,11.95,35.59,6.55,7.53,1014.17,1.521
15-12-2020,Raigad,2076.72,719.25,346.41,744.74,648.12,24.2,1.78,7.7,7.83,34.67,5.71,7.58,1009.48,0.627
23-12-2020,Raigad,3619.44,113.4,89.81,414.55,334.47,31.55,1.48,5.34,6.18,34.89,5.33,8.25,1012.59,0.919
26-12-2020,Mumbai,4512.07,472.72,804.25,678.44,142.06,25.47,1.56,7.22,8.13,33.5,7.64,7.87,1008.55,1.699
03-01-2021,Ratnagiri,4228.34,944.88,472.62,475.82,644.86,27.63,2.01,5.85,7.85,34,6.12,8.31,1007.3,1.563
08-01-2021,Palghar,1834.6,1035.16,434.2,574.15,315.95,28.84,2.72,6,7.63,35.21,6.56,7.75,1013.54,1.784
09-01-2021,Palghar,670.48,993.2,269,387.4,85.66,25.4,1.51,9.73,10.07,35.57,6.64,7.63,1013.65,1.098
11-01-2021,Palghar,3704.02,994.94,271.54,437.81,571.11,24.82,1.64,4.76,4.95,34.69,5.07,7.89,1008.8,1.303
18-01-2021,Raigad,3891.82,1075.49,418.38,361.28,426.01,29.26,3.96,9.49,4.13,35.27,5.04,7.7,1012.83,2.02
18-02-2021,Ratnagiri,4162.89,1120.24,595.43,447.46,35.79,24.28,0.79,6.15,14.19,35.22,5.01,7.6,1010.4,1.1
02-03-2021,Mumbai,510.52,865.82,645.54,607.77,33.51,28.8,2.91,9.08,10.78,33.3,7.29,8.18,1005.86,0.67
16-03-2021,Ratnagiri,4068.34,821.37,359.56,405.74,508.5,25.51,1.85,7.02,10.97,36.54,5.96,7.63,1013.37,0.515
21-03-2021,Raigad,2623.95,1124.53,73.24,121.27,529.96,31.02,3.45,10.58,4.26,35.11,7.92,8.08,1010.06,2.463
25-03-2021,Mumbai,4942.76,1096.34,279.06,457.62,48.83,31.74,3.82,10.35,5.39,35.78,7.27,7.86,1013.1,0.699
02-04-2021,Raigad,2885.08,403.29,556.6,356.99,416.24,24.71,3.87,10.34,14.59,33.11,5.27,8.48,1013.92,1.542
04-04-2021,Ratnagiri,3641.6,266.9,786.12,750.64,681.44,25.94,0.98,6.93,9.23,33.22,6.15,7.64,1014.45,0.897
10-04-2021,Thane,4704.3,188.13,927.34,139.38,218.76,29.36,1.69,6.88,2.39,35.26,7.09,7.97,1009.99,1.409
16-04-2021,Sindhudurg,4445.11,868.52,803.34,239.51,450.59,26.5,0.59,8.7,6.86,34.54,7.43,8.37,1008.16,2.279
22-04-2021,Raigad,4233.43,1132.66,831.89,433.01,177.07,30.73,1.59,11.11,14.17,35.25,7.75,7.75,1013.63,1.06
27-04-2021,Sindhudurg,4718.11,326.29,169.13,36.2,167.55,24.46,3.6,9.3,7.36,35.92,7.51,8.07,1012.32,2.16
05-05-2021,Raigad,3962.11,1067.91,989.04,568.81,253.22,24.71,2.28,4.74,6.83,33.98,5.57,7.87,1014.55,1.186
08-05-2021,Palghar,3785.78,320.24,526.76,568.14,149.92,30.91,3.67,5.65,3,35.9,5.83,7.54,1005.29,1.165
09-05-2021,Ratnagiri,3086.94,653.37,412.09,108.75,637.69,29.63,2.65,4.47,9.54,35.5,7.81,8.31,1007.22,1.576
14-05-2021,Thane,2222.53,1198.58,407.09,174.4,379.32,27.9,2.94,10.31,11.64,33.1,6.53,7.88,1009.11,0.811
15-05-2021,Palghar,4578.91,800.7,905.73,117.83,95.06,24.23,3.36,4,4.26,36.98,6.42,8.07,1005.09,1.002
24-05-2021,Thane,2085.36,466.7,936.86,311.72,136.68,27.68,1.66,7.47,10.3,33.66,7.52,7.74,1007.9,1.916
25-05-2021,Thane,1294.56,1188.76,709.63,688.92,104.15,28.67,2.48,5.7,13.11,36.56,5.26,8.32,1005.14,1.38
28-05-2021,Palghar,4925.7,1060.79,628.8,313.84,698.86,26.33,3.8,10.58,5.32,33.4,6.37,7.8,1009.16,1.94
09-06-2021,Raigad,1789.63,1128.89,836.87,149.43,325.93,28.53,1.93,11.57,4.39,36.8,6.89,7.82,1010.9,2.463
10-06-2021,Palghar,1350.49,776.25,133.48,39.08,280.56,28.39,1.69,5.33,3.66,35.44,5.33,7.83,1010.39,0.77
12-06-2021,Mumbai,3910.38,1156.83,746.31,691.36,496.87,26.89,3.88,10.15,3.96,36.19,5.81,8.06,1011.08,1.072
21-06-2021,Ratnagiri,1940.04,600.7,690.43,94.4,667.19,30,1.47,10.07,9.73,35.95,7.67,8.31,1014,1.487
26-06-2021,Thane,4897.22,107.29,512.46,654.75,667.08,26.75,2.31,11.51,14.3,34.44,6.43,7.81,1013.44,0.552
09-07-2021,Palghar,4206.23,627.02,167.44,204.39,152.53,25.61,2.03,10.22,3.52,33.98,7.68,8.37,1007.22,1.992
12-07-2021,Palghar,1250.3,357.39,62.93,292.42,112.69,29.64,1.13,11.28,10.55,36.64,6.85,7.65,1005.14,1.182
21-07-2021,Thane,933.79,832.73,710.31,606.65,464.36,24.91,2.94,7.74,10.42,33.71,6.44,7.59,1012.77,0.97
27-07-2021,Palghar,4526.93,1021.08,210.24,217.59,125.56,31.9,3.15,3.93,4.46,35.39,6.98,7.98,1011.98,0.525
29-07-2021,Mumbai,2080.16,930.35,319.97,350,101.91,26.59,0.68,9.7,13.71,34.01,7.86,7.68,1006.12,0.909
09-08-2021,Mumbai,2527.48,784.27,152.65,101.26,259.8,31.09,0.82,5.71,12.01,33.91,6.04,8.38,1009.28,0.565
10-08-2021,Sindhudurg,4025.86,1190.48,420.9,268.22,21.83,24.43,2.49,8.04,5.27,36.72,6.39,8.23,1010.03,1.383
24-08-2021,Sindhudurg,4947.23,457.79,596.96,428.88,273.09,25.23,1.23,4.7,7.98,35.64,7.97,8.37,1006.73,1.472
01-09-2021,Palghar,2169.16,390.9,804.31,590.09,255.34,30.92,3.49,5.05,13.89,34.06,7.28,8.09,1009.11,0.673
10-09-2021,Ratnagiri,669.79,135.6,588.04,153.61,165.3,24.46,2.64,4.46,5.62,33.12,7.03,8.34,1011.8,1.051
12-09-2021,Mumbai,3980.8,1097.47,87.33,285.18,346.73,26.76,1.9,6.63,2.35,35.87,5.97,8.04,1008.83,1.174
27-09-2021,Raigad,3647.09,658.47,909.58,604.69,92.49,29.17,1.7,4.51,11.37,34.59,6.98,7.74,1010.25,2.494
09-10-2021,Sindhudurg,4431.14,189.61,388.5,46.26,111.9,31.49,0.69,4.54,13.54,34.47,6.81,7.73,1008.21,0.674
12-10-2021,Thane,1778.97,128.16,621.1,368.37,467.88,30.91,2.1,3.03,2.17,35.12,5.92,8.01,1005.42,1.615
13-10-2021,Mumbai,1046.39,989.08,265.98,205.49,385.3,25.52,3.15,11.41,9.07,35.2,5.65,7.9,1011.14,1.493
21-10-2021,Palghar,1716.02,608.95,772.84,255.17,26.93,28.26,3.86,10.98,14.81,35.18,6.29,7.75,1008.62,0.504
31-10-2021,Palghar,1263.05,415.35,765.73,743.64,188.23,28.25,0.67,5.74,7.65,33.94,5.15,7.64,1008.01,0.741
01-11-2021,Sindhudurg,3529.18,501.48,943.26,333.74,610.67,27,3.96,8.07,10.46,34.22,5.52,7.84,1010.56,2.447
11-11-2021,Sindhudurg,3010.57,958.67,811.52,518.28,448.67,29.05,2.53,7.82,10.63,34.8,7.78,8.33,1011.73,0.767
17-11-2021,Mumbai,1493.41,582.95,499.51,171.93,382.14,26.43,3.82,3.65,2.07,36.65,5.28,8.29,1006.52,1.999
28-11-2021,Sindhudurg,3359.84,490.98,576.98,251.05,418.85,31.5,0.76,5.05,13.59,36.46,6.31,8.41,1007.94,1.828
05-12-2021,Palghar,1251.75,849.94,546.37,265.33,261.06,26.33,3.93,5.17,3.75,35.34,7.48,8.44,1014.28,0.586
15-12-2021,Ratnagiri,1223.12,705.3,576.01,761.55,188.9,30.41,1.94,5.67,14.77,35.37,5.42,7.67,1013.64,0.755
18-12-2021,Raigad,4008.69,134.47,708.77,275.01,654.57,28.39,0.89,4.52,12,35.89,7.95,7.77,1005.12,2.366
19-12-2021,Mumbai,2547.94,423.09,368.85,169.67,357.57,29.88,3.01,4.9,13.44,35.63,7.21,7.87,1008.55,0.564
21-12-2021,Sindhudurg,1592.68,701.76,781.69,281.23,106.02,28.48,0.86,5.93,10.11,36.37,5.86,7.84,1011.88,2.406
28-12-2021,Raigad,1516.33,969.01,650.68,652.35,241.03,27.52,3.87,6.07,11.27,33.02,7.37,7.54,1012.49,2.12
10-01-2022,Mumbai,3105.66,732,639.46,664.53,475.14,28.41,3.94,7.86,10.6,34.3,7.8,8.47,1010.92,2.236
12-01-2022,Thane,4208.8,972.49,989.66,370.98,639.5,26.78,1.63,10.99,6.09,36.42,7.79,8.21,1007.81,1.135
13-01-2022,Thane,2355.35,728.29,161.61,510.98,662.04,26.9,2.3,4.15,11.81,35.79,6.95,8.46,1009.01,1.148
20-01-2022,Ratnagiri,1393.71,460.28,375.69,114.3,313.27,28.66,2.06,8.74,14.04,36.12,7.07,8.28,1011.04,2.296
25-01-2022,Ratnagiri,802.15,430.85,944.2,428.15,228.48,24.95,2.89,10.73,10.28,35.49,6.45,8.49,1009.96,1.402
30-01-2022,Sindhudurg,518.2,853.47,582.71,290.88,276.38,31.54,2.15,4.93,6.46,33.6,7.7,7.62,1011.7,1.755
04-02-2022,Mumbai,2300.51,691.54,989.95,756.89,327.53,26.54,3.79,7.94,5.81,33.86,5.25,7.78,1014.12,2.31
13-02-2022,Mumbai,2556.31,571.22,84.77,394.09,233.1,31.83,3.07,10.56,5.62,34.8,5.81,7.64,1010.77,0.708
14-02-2022,Sindhudurg,4808.86,801.77,76.03,481.42,560.77,29.78,1.75,8.37,7.01,33.71,5.05,7.98,1011.62,2.311
21-02-2022,Thane,599.01,900.78,994.1,568.47,474.87,25.87,2.78,3.71,7.59,35.21,7.91,8.07,1008.26,1.652
11-03-2022,Raigad,1265.53,316.09,608.41,63.84,530.1,31.09,0.73,8.38,5.05,36.47,6.48,8.48,1006.59,1.005
26-03-2022,Raigad,1664.64,1045.8,368.33,246.66,344.47,30.45,1.26,9.83,3.74,34.04,6.07,8.4,1012.23,0.748
28-03-2022,Palghar,2819.52,608.43,610.13,522.6,636.7,24.63,3.49,10.22,8.64,35.87,5.27,8.08,1010.99,0.588
29-03-2022,Ratnagiri,4352.23,1044.29,420.29,85.54,180.07,30.65,2.17,5.08,6.32,36.2,5.96,8.2,1009.71,1.362
03-04-2022,Raigad,3387.29,1195.54,488.14,244.76,418.5,26.45,3.49,4.36,5.2,34.96,5.79,8.05,1010.21,1.823
06-04-2022,Ratnagiri,2478.97,515.28,286.85,642.14,360.32,31.28,1.94,10.12,7.78,35.05,6.41,8.01,1013.32,1.176
07-04-2022,Thane,3022.89,582.71,683.68,130.59,366.2,30.75,2.56,4.7,2.52,34.7,5.89,7.64,1006.39,0.996
12-04-2022,Palghar,4329.84,962.48,235.28,603.64,310.75,25.07,2.01,9.64,14.02,34.24,7.39,7.84,1005.69,1.259
13-04-2022,Thane,4646.59,1013.98,90.55,250.36,44.18,26.05,1.64,7.25,8.26,36.37,6.81,8.19,1010.3,1.258
23-04-2022,Palghar,2671.48,520.73,775.58,57.65,569.31,27.64,2.03,9.52,13.7,36.09,5.99,7.86,1013.98,1.683
29-04-2022,Sindhudurg,638.01,1143.99,984.17,430.87,289.09,25.86,0.95,4.56,3.63,33.82,7.27,7.76,1008.69,1.474
08-05-2022,Ratnagiri,1304.63,1016.63,390.51,102.94,133.02,31,3.32,8.82,2.98,35.14,6.93,7.85,1012.66,1.452
17-05-2022,Sindhudurg,2734.23,767.42,602.22,371.66,404.99,31.95,2.37,7.99,14.85,36.71,6.8,8.14,1012.16,1.581
20-05-2022,Mumbai,2398.59,570.49,899.22,553.34,63.42,26.29,2.39,11.04,2.09,34.71,7.5,7.54,1005.98,0.934
31-05-2022,Sindhudurg,2693.5,147.44,910.75,705.62,391.65,24.75,1.9,6.52,2.31,36.66,7.5,8.17,1007.45,2.433
11-06-2022,Sindhudurg,3791.61,796.77,255.66,553.04,620.52,30,3.63,6.56,6.69,33.25,6.94,7.74,1008.6,1.206
15-06-2022,Palghar,4071.53,496.12,543.89,612.46,250.59,31.37,0.85,11.08,7.72,35.48,7.34,7.82,1011.99,2.49
17-06-2022,Raigad,4541.33,328.99,530.95,60.7,416.99,31.67,3.7,5.4,9.11,35.95,7.85,7.73,1006.35,0.732
20-06-2022,Ratnagiri,3498.24,677.34,988.21,169.62,230.37,31.4,3.27,4.59,12.61,34.16,6.36,8.41,1006.39,1.891
29-06-2022,Raigad,1787.27,543.61,200.02,103.38,359.62,28.81,0.6,9.24,3.94,33.24,6.31,7.62,1011.36,1.884
02-07-2022,Ratnagiri,4440.78,1119.43,313.71,91.07,37.27,27.06,3.29,10.75,6.53,33.01,6.78,8.03,1008.64,1.072
16-07-2022,Mumbai,3650.97,519.91,856.12,621.51,85.2,31.49,0.88,8.74,4.58,35.4,7.21,8.28,1008.82,1.788
31-07-2022,Raigad,1977.64,871.06,201.51,111.99,447.72,28.29,3.74,3.61,7.46,34.94,5.45,7.74,1012.17,1.618
01-08-2022,Sindhudurg,1655.34,633.98,97.51,163.66,649.57,26.11,1.39,5.11,6.62,36.38,7.68,8.44,1011.69,0.889
03-08-2022,Thane,1534.33,1163.68,719.08,442.22,162.48,25.41,2.5,11.23,3.84,36.57,6.34,7.58,1005.75,0.643
10-08-2022,Raigad,4913.34,163.62,683.69,302.23,136.83,30.7,1.11,9.5,13.82,36.4,5.68,8.11,1011.56,0.863
17-08-2022,Palghar,2307.8,768.95,731.35,135.98,107.63,24.41,2.16,8,2.13,35.66,6.77,8.4,1008.44,0.944
06-09-2022,Sindhudurg,2570.78,217.14,847.51,656.8,87.08,30.09,1.88,9.96,13.68,35.19,5.27,8.45,1012.75,2.15
10-09-2022,Palghar,4664.69,1182.9,465.17,722.1,663.59,25.22,2.03,4.4,4.91,36.64,7.94,7.76,1014.2,2.029
14-09-2022,Palghar,4807.98,600.03,217.2,201.8,205.31,24.21,2.34,4.94,11.63,34.68,7.59,7.81,1014.58,1.951
18-09-2022,Palghar,1179.6,859.46,366.93,559.35,38.93,31.92,1.78,8.71,13.28,35.26,7.78,7.61,1013.4,1.149
24-09-2022,Sindhudurg,3509.5,909.54,389.79,513.2,309.65,29.34,2.31,10.41,7.24,33.64,5.92,7.75,1011.76,1.092
27-09-2022,Palghar,3534.02,743.58,591.01,327.95,121.86,31.46,1.71,11.15,10.82,34.16,5.44,7.93,1011.22,2.418
04-10-2022,Raigad,4173.92,546.94,572.06,182.55,167.9,29.27,0.52,9.16,7.47,33.48,6.02,7.88,1010.97,1.474
07-10-2022,Ratnagiri,4807.82,440,709.98,46.77,210.64,27.23,2.86,7.84,3.73,34.31,6.16,8.26,1011.77,1.418
15-10-2022,Thane,4760.67,718.24,960.05,538.57,313.77,24.61,0.68,8.42,7.83,36.37,7.26,7.93,1013.81,1.016
23-10-2022,Mumbai,1609.44,938.03,346.77,99.71,245.26,29.17,3.62,11.88,8.55,33.99,6.94,7.59,1006.83,1.035
05-11-2022,Palghar,3826.13,154.46,289.73,432.98,178.65,26.13,3.58,8.88,3.51,34.42,6.05,8.07,1008.83,1.822
10-11-2022,Raigad,2523.36,240.25,81.34,422.64,597.62,27.29,3.54,7.51,5.18,34.67,5.6,8.41,1010.66,2.39
11-11-2022,Mumbai,4753.94,396.56,256.32,162.27,229.27,30.79,1.21,11.02,12.37,33.01,6.19,8.48,1014.28,1.44
17-11-2022,Thane,2316.21,413.57,812.97,556.43,34.21,30.26,2.14,4.89,13.45,36.55,6.77,8.36,1005.23,1.786
19-11-2022,Palghar,4823.1,144.1,180.48,749.16,641.09,28.19,3.46,7.18,8.59,33.21,6.92,7.77,1009.83,1.076
27-11-2022,Mumbai,1873.81,698.08,638.37,287.79,29.85,26.93,3.78,5.88,14.71,35.57,6.02,8.06,1005.48,0.693
28-11-2022,Sindhudurg,4812.65,666.83,629.08,768.33,279.91,27.13,2.39,7.6,8.28,34.04,6.7,8.23,1008.83,2.06
02-12-2022,Thane,1406.52,131.76,132.28,725.86,58.75,28.16,3.57,7.42,3.38,35.58,6.87,8.01,1012.75,2.021
08-12-2022,Raigad,3323.28,574.4,313.17,476.39,600.65,26.75,1.56,9.79,10,36.86,6.03,8.35,1014.51,1.462
18-12-2022,Mumbai,4177.51,543.04,86,585.4,479.31,29.19,2.8,10.17,9.33,34.96,6.72,7.76,1010.34,1.024
19-12-2022,Ratnagiri,593.73,170.87,308.47,769.97,656.3,27.54,2.62,4.79,9.39,35.4,5.87,8.5,1006.31,0.658
21-12-2022,Thane,4677.75,868.02,130.8,186.95,210.75,25.66,3.19,6.98,11.81,34.18,6.66,8.28,1006.64,1.453
05-01-2023,Palghar,3694.07,195.42,318.53,480.89,627.54,30.16,0.87,7.76,13.27,34.79,5.66,7.64,1010.05,0.592
06-01-2023,Ratnagiri,1671.29,661.59,366.48,675.33,308.73,30.8,2.88,4.55,13.45,33.44,6.8,7.61,1010.49,1.533
09-01-2023,Ratnagiri,2379.24,491.7,97.33,558.8,634.36,28.25,2.35,7.14,10.59,33.78,5.33,8.29,1011.27,2.376
17-01-2023,Thane,4477.3,193.91,976.59,77.53,268.9,25.59,3.1,8.5,9.08,33.61,5.2,7.67,1006.56,1.658
20-01-2023,Ratnagiri,1335.76,356.17,221.78,743.06,48.96,26.38,1.99,10.95,7.4,34.72,7.99,8.36,1007.46,2.323
22-01-2023,Sindhudurg,2227.74,736.79,721.86,181.56,473.93,29.22,2.11,3.44,14.98,34.29,5.53,8.5,1011.78,1.302
29-01-2023,Thane,3611.24,909.48,747.84,195.48,468.75,24.99,3.47,6.31,7.26,36.28,7.39,8,1009.47,2.04
09-02-2023,Ratnagiri,3356.61,379.73,141.33,94.74,125.25,25.87,1.26,8.26,7.6,33.28,5.53,8.14,1010.54,0.521
11-02-2023,Mumbai,1143.56,265.14,568.82,41.78,175.07,29.79,0.91,10.22,10.83,35.08,5.56,8.38,1014.41,1.832
16-02-2023,Raigad,4873.37,1092.94,674.72,362.19,289.71,24.02,3.3,6.06,10.98,34.65,7.73,7.87,1006.02,2.153
27-02-2023,Ratnagiri,1959.91,335.52,415.45,592.71,524.38,29.57,0.6,4.7,2.15,36.17,5.84,8.26,1005.55,2.149
07-03-2023,Mumbai,927.9,476.27,145.91,390,613.81,28.31,3.21,5.51,13.14,35.04,7.76,7.56,1012.2,1.547
11-03-2023,Mumbai,2367.33,1088.35,875.75,202.16,113.21,26.97,2.57,10.7,3.99,33.94,7.82,8.5,1013.54,1.724
16-03-2023,Sindhudurg,1766.18,526.69,143.36,189.83,560.99,27.26,2,3.59,14.67,34.42,7.35,8.23,1005.28,0.683
30-03-2023,Raigad,4222.67,1171.15,940.54,298.61,257.86,26.54,1.67,6.19,12.17,36.07,6.15,8.08,1008.92,0.53
12-04-2023,Raigad,1119.96,820.51,631.06,463.71,292.77,28.85,3.69,6.05,13.18,33.9,6.72,8.29,1005.04,1.641
15-04-2023,Sindhudurg,2965.88,810.27,764.16,737.82,375.44,29.03,1.56,9.32,9.01,33.11,7.04,7.66,1013.85,0.83
18-04-2023,Sindhudurg,4027.6,272.34,985.27,438.8,50.25,31.27,3.59,6.23,13.85,36.81,5.04,8.06,1008.8,1.977
20-04-2023,Sindhudurg,3417.49,305.31,833.29,236.27,54.86,30.23,2.39,9.28,12.07,36.84,5.73,7.99,1014.55,2.293
26-04-2023,Raigad,4231.7,982.07,299.21,388.71,434.62,27.76,2.96,8.54,9.81,34.03,6.23,8,1005.51,1.507
02-05-2023,Thane,4899.1,328.76,623.92,286.18,695.02,28.36,3.76,3.89,14,35.39,7.67,7.51,1006.78,2.396
20-05-2023,Sindhudurg,1796.16,290.2,357.58,476.12,134.54,28.09,2.58,4.07,6.91,34.3,7.14,7.82,1009.63,2.468
28-05-2023,Mumbai,791.7,903.33,317.3,618.97,382.7,30.47,1.37,6.88,2.34,34.21,6.65,8.18,1005.51,1.193
07-06-2023,Ratnagiri,3484.66,770.9,453.04,345.61,656.51,27.99,0.88,4.13,10.39,36.76,5.74,7.84,1011.3,1.898
09-06-2023,Thane,4060.6,550.07,536.02,434.8,180.89,31.01,3.32,10.08,6.53,33.58,6.06,7.69,1014.64,2.343
14-06-2023,Raigad,3494.05,302.31,74.66,539.48,205.81,25.71,1.15,7.29,5.79,35,6.77,7.67,1009.82,1.653
15-06-2023,Mumbai,2277.78,185.78,197.78,66.02,485.72,31.64,3.35,3.82,11.42,35.76,6.73,7.71,1007.51,1.005
22-06-2023,Palghar,1684.03,765,852.38,668.92,58.94,29.92,1.57,8.71,6.96,35.83,6.56,7.91,1008.23,2.455
28-06-2023,Palghar,1504.31,324.59,115.09,718.26,535.33,24.55,1.92,6.33,5.51,36.38,5.61,8.02,1006.18,1.613
29-06-2023,Sindhudurg,1810.47,1080.08,845.34,419.04,103.6,30.65,3.26,4.69,2.31,36.01,7.21,7.83,1009.54,1.084
30-06-2023,Raigad,1856.21,1048.51,906.64,655.36,609.08,28.71,2.66,4.62,7.14,36.07,6.5,7.5,1010.04,0.816
07-07-2023,Thane,3187.34,763.32,860.16,58.45,662.61,28.23,3.01,3.77,11.34,35.62,6.84,8.5,1013.26,1.844
10-07-2023,Ratnagiri,1350.2,687.85,492.07,342.49,58.17,29.21,1.49,10.98,3.19,33.71,5.91,7.92,1007.39,2.197
16-07-2023,Thane,3803.67,875.34,728.53,190.84,180.21,26.42,1.65,5.95,8.53,34.88,7.06,7.88,1011.2,2.332
20-07-2023,Ratnagiri,4258.94,1097.67,918.71,550.95,687.51,25.27,3.75,8.26,10.91,33.36,5.57,7.57,1005.17,1.04
28-07-2023,Palghar,3318.97,236.75,477.53,727.82,339.73,30.23,1.21,6.86,10.21,33.43,5.01,8.3,1012.7,2.326
30-07-2023,Sindhudurg,3972.05,585.96,643.86,517.64,554.22,26.08,0.85,9.47,8.98,34.48,6.72,7.81,1011.64,2.112
31-07-2023,Sindhudurg,2323.43,435.23,73.34,603.9,307.19,28.13,2.7,8.75,14.93,35.97,6.8,7.76,1013.17,1.279
03-08-2023,Sindhudurg,1387.8,535.39,526.73,343.19,229.97,28.61,2.72,11.46,14.33,36.75,6.18,8.48,1009.27,0.777
14-08-2023,Mumbai,1921.13,696.91,517.6,260.51,85.88,27.64,1.33,3.71,3.32,35.95,7.81,8.23,1008.72,1.14
18-08-2023,Raigad,4450.63,765.1,79.93,774.75,669.27,25.86,0.94,8.98,12.51,35.06,6.52,7.93,1013.44,1.585
19-08-2023,Palghar,4190.06,225.39,756.2,456.15,249.37,30.66,0.51,5.43,10.39,33.97,6.32,7.7,1013.5,1.814
21-08-2023,Thane,3961.78,998.19,244.12,683.66,169.5,27.09,2.13,10.85,7.65,34.88,5.61,7.71,1012.06,2.031
28-08-2023,Sindhudurg,4498.47,400.18,93.94,385.03,77.24,31.43,2.28,9.57,13.12,34.73,5.76,7.84,1007.12,2.06
01-09-2023,Raigad,4416.56,621.19,639,108.62,440.33,31.86,2.53,8.93,12.73,36.24,5.36,8.21,1008.85,1.331
09-09-2023,Palghar,1268.52,720.51,365.12,675.62,657.64,26.12,1.88,8.44,2.01,35.8,7.66,7.53,1011.1,1.744
10-09-2023,Raigad,2232.74,966.52,344.18,99.59,664.39,29.99,2.52,8.24,3.97,35.13,6.32,8.46,1008.18,1.882
17-09-2023,Thane,2189.83,251.49,55.93,238.5,119.02,30.94,3.13,10.62,12.44,35.44,5.19,8.28,1009.48,0.933
18-09-2023,Thane,2861.63,635.77,348.31,311.47,430.93,29.32,2.47,7.26,12.45,36.55,5.22,8.35,1012.35,1.644
24-09-2023,Raigad,2302.13,293.45,214.39,675.76,363.04,31.64,1.54,4.09,7.08,35,5.52,8.28,1007.79,2.024
25-09-2023,Ratnagiri,2627.29,139.25,829.23,103.38,205.86,31.07,1.48,4.58,8.67,36.43,7.19,8.31,1011.46,1.777
04-10-2023,Raigad,2809.78,514.18,131.45,136.81,571.68,31.38,2.99,5.12,6.02,36.35,5.52,7.97,1008.91,2.433
06-10-2023,Sindhudurg,2205.43,133.36,221.68,291.67,275.56,31.96,1.07,7.65,2.33,33.99,5.26,7.81,1014.77,1.372
17-10-2023,Thane,3545.94,717.28,293.56,530.44,276.79,27.39,2.68,10.08,5.18,36.68,7.76,7.68,1007.86,2.215
19-10-2023,Thane,1365.51,1172.69,972.69,691.99,444.18,28.56,1.18,7.13,7.44,35.77,5.2,8.09,1010.48,0.52
21-10-2023,Sindhudurg,2855.5,193.04,547.37,413.36,503.58,31.19,0.64,10.1,12.27,35.77,6.31,8.34,1011.77,2.251
07-11-2023,Sindhudurg,1548.71,554.13,766.19,655.01,604.61,27.34,2.95,5.39,6.81,36.85,7.23,8.48,1006.91,1.014
24-11-2023,Mumbai,2457.34,531.8,608.72,249.49,383.8,25,3.19,7.5,5.03,35.8,7.64,7.87,1007.47,2.158
04-12-2023,Raigad,2943.44,100.86,409.77,652.9,511.29,24.34,2.93,6.36,8.1,36.49,6.16,7.74,1005.31,1.503
06-12-2023,Palghar,4634.27,1127.04,944.8,39.1,531.51,28.26,3.55,7.16,4.27,33.71,6.28,7.84,1010.58,1.256
23-12-2023,Raigad,2306.49,444.06,414.19,243.66,406.47,26.1,2.53,6.68,3.87,36.13,7.15,7.59,1008.77,2.266
27-12-2023,Mumbai,4144.19,1171.27,246.91,232.99,692.36,28.84,1.31,3.81,13.41,36.85,7.95,7.76,1013.73,2.278
30-12-2023,Sindhudurg,2706.95,128.05,878.15,784.79,188.89,26.59,1.6,5.48,11.76,34.15,5.62,7.55,1014.38,2.333
31-12-2023,Raigad,807.3,452.12,437.87,655.48,576.28,31.31,2.87,8.56,6.97,35.2,5.16,7.65,1010.85,0.693
03-01-2024,Sindhudurg,4219.65,418.49,656.59,96.35,612.44,26.66,1.45,6.91,7.46,35.97,5.43,8.27,1014.16,1.268
08-01-2024,Sindhudurg,1028.98,910.97,824.66,642.73,576.9,29.99,3.3,5.29,5.23,36.65,7.13,7.73,1013.19,1.077
18-01-2024,Ratnagiri,3254.3,926.01,702.61,444.92,588.82,28.02,3.76,11.28,12,34.59,7.74,8.49,1005.89,1.293
29-01-2024,Palghar,3239.56,258.15,939.83,36.81,180.93,24.12,1.25,4.3,11.95,33.98,5.59,8.14,1005.8,0.643
02-02-2024,Ratnagiri,4215.79,922.44,556.88,137.25,333.38,29.84,2.2,9.45,9.43,34.41,7.91,8.28,1011.41,2.083
05-02-2024,Mumbai,1734.53,578.87,799.9,132.41,492.99,25.11,1.11,9,3.38,33.8,5.59,7.69,1008.93,1.895
17-02-2024,Ratnagiri,4712.25,1116.37,331.84,470.26,405.04,25.95,3.92,10.14,6.19,33.29,5.85,8.02,1010.19,1.196
06-03-2024,Sindhudurg,4494.33,675.79,885.93,300.02,191.57,25.84,2.87,7.66,14.54,36.84,5.89,7.96,1012.41,2.343
07-03-2024,Mumbai,3807.66,476.85,448.58,136.09,590.65,25.09,2.48,4.44,12.88,33.52,6.59,8.01,1010.49,1.326
17-03-2024,Sindhudurg,2900.16,388.86,759.81,785.67,131.14,30.67,2.5,11.99,14.44,35.25,5.96,8.41,1009.79,1.781
19-03-2024,Mumbai,3944.19,613.36,779.82,47.65,667.01,25.47,3.48,5.15,7.33,35.9,5.96,7.58,1014.84,0.83
20-03-2024,Palghar,3422.31,409.03,86.12,464.05,485.43,27.35,3.7,5.84,9.94,36.93,7.04,8.18,1014.62,0.672
26-03-2024,Raigad,4111.55,559.19,788.91,382.76,603.75,28.86,3.67,3.22,6.06,35.03,5.88,7.62,1014.38,0.531
31-03-2024,Palghar,1757.6,556.91,263.76,623.66,459.69,27.5,2.14,3.48,2.16,36.87,5.44,8.07,1005.82,2.449
04-04-2024,Thane,4303.4,328.29,813.35,718.84,505.69,25.28,3.16,8.96,4.55,34.22,6.16,7.61,1012.98,1.308
10-04-2024,Thane,1024.45,348.36,645.06,294.66,220.65,26.66,1.64,11.83,5.87,33.54,6.77,7.75,1011.64,0.548
13-04-2024,Mumbai,1087.71,876.76,877.18,725.17,628.02,28.52,0.57,8.76,10.66,34.09,5.75,7.92,1006.16,0.811
14-04-2024,Palghar,3332.83,337.42,884.2,230.97,484.9,24.44,1.29,9.5,7.6,33.59,6.09,7.6,1010.96,0.607
17-04-2024,Sindhudurg,1238.27,1111.35,538.43,496.02,66.22,30.33,1.83,6.82,2.37,34.58,7.79,8.22,1005.13,1.767
25-04-2024,Raigad,4904.18,298.87,484.84,368.17,652.11,30.81,3.18,11.26,13.93,34.67,6.71,8.35,1009.11,0.875
27-04-2024,Ratnagiri,2183.14,892.82,175.59,475.08,250.04,28.5,3.09,7.26,6.58,33.06,7.27,8.36,1008.42,0.784
11-05-2024,Sindhudurg,3368.73,1058,138.38,560.29,335.35,25.9,2.85,11.41,2.02,36.22,6.12,8.36,1006.26,2.165
17-05-2024,Ratnagiri,3816.08,193.21,679.47,580.15,309.9,30.95,0.79,8.17,10.12,34.59,6.02,7.97,1012.18,1.042
18-05-2024,Sindhudurg,931.77,533.2,494.29,399.02,603.15,30.21,0.51,7.21,9.82,35.27,7.88,8.48,1014.09,0.747
20-05-2024,Thane,838.46,841.83,54.54,528.84,544.82,27.95,1.15,8.31,8.18,33.97,6.4,8.36,1007.5,0.628
21-05-2024,Raigad,1850.65,205.89,839.76,709.4,461.26,28.43,2.28,3.01,3.15,34.12,6.04,7.69,1007.77,1.062
24-05-2024,Thane,1421.76,673.1,819.21,661.52,149.06,30.63,3.35,9.62,6.1,35.67,5.61,7.7,1005.05,2.414
14-06-2024,Palghar,3614.6,1044.3,616.17,269.47,487.67,24.7,3.21,3.15,9.62,34.94,7.91,7.65,1012.45,0.709
19-06-2024,Thane,4898.16,978.48,65.23,482.65,274.16,29.73,3.18,9.1,5.57,33.91,6.79,7.86,1005.77,1.55
26-06-2024,Palghar,4333.86,592.29,133.16,520.61,679.06,24.61,3.37,3.62,10.92,33.95,5.66,7.7,1006.7,1.99
03-07-2024,Ratnagiri,3081.91,186.68,383.95,742.95,391.53,24.2,3.49,7.09,12.14,33.26,6.31,8.13,1011.46,1.864
07-07-2024,Raigad,3594.21,847.54,727.85,641.1,129.36,31.69,2.47,5.57,2.2,33.07,7.15,8.14,1013.89,1.819
09-07-2024,Sindhudurg,4063.17,781,275.1,423.67,431.39,27.83,3.07,4.07,9.27,34.63,7.56,7.7,1007.83,0.911
07-08-2024,Raigad,1871.53,450.31,294.45,690.76,353.12,31.79,0.52,9.25,9.53,33.6,6.47,7.66,1013.9,2.1
12-08-2024,Thane,3950.87,518.61,427.89,521.79,685.57,27.22,3.34,4.46,11.26,36.48,7.92,7.9,1011.08,1.018
18-08-2024,Ratnagiri,2381.15,1026.29,835.5,493.15,659.08,30.74,2.33,5.03,14.34,35.64,5.27,7.74,1009.55,2.487
20-08-2024,Palghar,1430.81,187.38,687.57,123.43,498.62,30.35,1.91,4.18,9.71,34.68,6.72,8.41,1006.52,0.539
22-08-2024,Mumbai,2591.35,1196.86,484.73,277.82,469.46,30.23,2.36,10.48,12.03,36.46,7.59,8.13,1010.47,2.328
10-09-2024,Thane,2569.94,721.34,213.45,701.83,172.6,31.34,1.19,8.45,14,34.28,7.02,8.01,1008.77,1.493
20-09-2024,Ratnagiri,2473.21,836.99,398.11,242.07,581.12,31.16,3.64,3.34,11.46,36.66,6.02,8.48,1007.54,0.5
13-10-2024,Ratnagiri,1920.04,868.56,152.24,515.41,493.35,25.76,1.44,7.67,14.84,34.96,7.75,7.72,1013.98,2.207
29-10-2024,Ratnagiri,1605.92,681.25,816.4,776.96,440.05,31.24,1.66,10.14,14.88,36.46,7.88,8.29,1009.92,2.47
07-11-2024,Mumbai,3568.96,620.11,143.66,667.66,96.97,29.85,1.9,8.74,10.21,35.21,7.57,8.31,1005.14,1.184
29-11-2024,Raigad,3345.46,917.61,470.98,219.67,442.55,31.88,1.85,10.85,13.25,35.61,5.18,7.81,1009.62,2.439
30-11-2024,Palghar,799.41,459.43,63.01,719.68,131.27,24.64,3.53,6.73,11.13,33.73,7.05,7.88,1010.21,1.615
03-12-2024,Thane,997.18,218.52,494.52,345.29,376.74,25.91,1.93,3.93,14.21,34.04,7.88,7.73,1011.49,1.668
20-12-2024,Sindhudurg,1512.78,143.12,946.91,179.17,40.71,26.44,2.23,4,5.69,36.56,6.59,8.41,1005.37,0.626
27-12-2024,Mumbai,2605.66,627.67,482.16,198.95,298.86,28.49,1.57,10.64,3.72,35.1,6.36,7.76,1009.04,0.512
29-12-2024,Thane,3237.58,578.7,606.77,411.76,625.07,28.72,1.11,9.69,5.69,35.56,6.99,8.38,1010.92,1.654
06-01-2025,Raigad,809.44,358.84,718.37,144.52,396.43,26.23,3.63,8.16,13.62,33.82,5.6,8.01,1014.78,1.539
15-01-2025,Raigad,1573.54,1052.73,971.74,305.93,63.69,30.52,1.89,8.27,9.67,35.58,5.93,7.85,1012.7,2.071
26-01-2025,Ratnagiri,1230.93,251.22,667.48,124.68,180.58,28.99,0.64,10.06,2.99,35.98,7.51,8,1013.16,0.997
03-02-2025,Thane,1444.31,998.95,824.79,791.29,518.83,27.62,0.57,5.49,5.24,36.49,6.56,7.8,1007.39,1.786
11-02-2025,Palghar,1103.64,1199.56,872.49,444.55,164.71,28.17,2.59,9.93,3.03,34.5,5.78,8.31,1008.9,1.456
21-02-2025,Raigad,721.8,134.95,376.65,257.81,102.25,25.06,0.53,5.52,3.12,34.9,6.87,8.48,1011.26,0.776
28-02-2025,Thane,4589.23,359.91,985.4,426.39,663.59,28.49,0.53,8.59,7.8,33.62,6.67,7.99,1007.49,1.537
03-03-2025,Palghar,983.9,386.17,203.55,610.93,38.51,28.85,2.78,9.97,3.81,34.8,6.67,7.57,1012.88,1.01
08-03-2025,Thane,4500.34,328.66,699.57,612.3,28.27,30.39,1.12,3.76,3.51,36.55,7.19,7.67,1006.71,1.792
09-03-2025,Sindhudurg,2192.16,471.25,124.98,345.19,256.87,30.9,3.45,4.53,14.48,34.74,7.38,8.35,1005.15,2.084
12-03-2025,Raigad,2330.19,367.85,760.62,197.14,303.17,29.34,1.8,7.21,14.06,35.28,7.27,7.81,1008.69,1.259
14-03-2025,Sindhudurg,2933.98,226.55,278.77,83.95,87.12,29.46,0.83,8.82,11.79,34.33,5.64,8.22,1014.83,1.305
21-03-2025,Mumbai,2398.48,986.46,652.44,84.53,460.17,26.84,2.38,11.85,10.92,35.95,6.77,7.68,1007.84,2.497
22-03-2025,Ratnagiri,4971.65,370.1,461.13,697.66,390.87,27.36,0.77,6.35,11.93,35.02,5.54,7.74,1008.69,1.038
24-03-2025,Sindhudurg,3401.38,257.88,768.34,115.76,600.77,29.52,1.67,3.41,7.95,33.46,7.01,7.75,1010.21,2.438
25-03-2025,Palghar,2473.82,158.07,329.04,538.14,67.99,24.89,0.93,6.08,8.94,33.68,7.04,8.05,1011.31,1.564
12-04-2025,Raigad,2284.22,928.44,353.75,196.04,398.37,28.3,2.87,5.69,4.23,33.34,7.74,7.86,1010.99,2.069
17-04-2025,Thane,1588.61,460.17,209.87,702.66,65.45,31.2,2.96,3.11,12.44,36.2,7.59,7.51,1008.98,0.597
20-04-2025,Mumbai,3830.1,768.07,322.21,494.25,506.71,24.78,2.99,5.11,8.9,36.01,6.31,8.22,1007.26,2.298
21-04-2025,Raigad,2972.25,800.31,673.1,782.53,233.52,25.63,3.66,5.95,12.58,34.53,5.14,7.61,1007.73,2.116
27-04-2025,Ratnagiri,2154.12,226.78,422.11,325.95,97.49,28.27,3.09,10.95,9.63,36.71,7.64,8.01,1005.16,1.51
28-04-2025,Sindhudurg,2994.76,263.16,496.22,701.18,323.65,28.64,3.89,7.23,11.3,35.31,6.03,7.67,1013.19,2.15
04-05-2025,Palghar,1529.68,270.92,464.81,422.14,187.85,26.22,3.22,5.91,2.38,36.85,6.34,8.49,1008.14,1.711
10-05-2025,Raigad,1630.16,615.91,62.01,383.12,369.76,25.17,1.37,8.05,3.13,34.01,6.28,8.22,1007.93,2.196
11-05-2025,Ratnagiri,731.94,738.25,651.6,36.94,79.03,24.39,2.68,7.46,13.49,35.26,7.66,8.24,1007.62,1.079
12-05-2025,Thane,1861.51,653.73,684.74,266.83,596.88,26.21,2.77,5.83,6.52,35.05,5.98,8.08,1010.95,0.934
18-05-2025,Mumbai,4578.11,562.02,333.31,65.08,183.19,29.2,3.28,3.81,13.81,35.85,5.03,7.66,1006.68,1.304
24-05-2025,Ratnagiri,664.14,606.55,397.87,115.48,103.55,24.28,2.37,10.28,2.84,36.78,6.29,8.48,1013.1,2.416
31-05-2025,Palghar,3377.66,440.81,867.31,258.44,631.48,24.19,0.72,7.26,3.85,35.5,5.44,7.58,1008,0.581
16-06-2025,Mumbai,4402.53,762.53,629.76,751.72,610.93,25.14,2.54,11.65,5.76,34.9,6.48,8.46,1009.23,2.448
17-06-2025,Sindhudurg,4799.57,721.9,282,580.14,74.58,24.78,3.44,3.39,14.04,35.91,6.68,8.43,1005.8,1.631
20-06-2025,Ratnagiri,2491.6,687.82,104.1,429.43,24.98,28.88,2.74,5.11,8.91,34.23,7.06,8.08,1008.38,1.655
22-06-2025,Sindhudurg,1691.46,796.25,207.81,629.23,159.68,24.26,3.61,10.68,10.96,36.95,5.77,8.06,1010.61,1.602
25-06-2025,Sindhudurg,2798.86,695.21,661.82,120.71,320.41,31.44,1.95,9.52,11.94,33.51,5.19,8.43,1006.53,1.881
27-06-2025,Sindhudurg,1219.54,1195.71,571.99,392.52,423.71,31.49,2.05,8.54,7.98,33.28,6.96,7.59,1010.72,1.096
04-07-2025,Raigad,1850.02,1021.18,777.59,106.61,580.87,25.39,2.53,3.65,8.08,36.49,5.22,8.31,1005.06,0.595
08-07-2025,Mumbai,3081.39,668.25,323.07,559.18,339.37,24.06,1.2,6.64,12.47,35.49,5.26,7.52,1007.68,1.695
11-07-2025,Sindhudurg,3723.91,215.06,611.37,310.82,114.28,28.39,2.97,9.64,7.34,33.83,5.89,8.41,1013.13,1.032
12-07-2025,Ratnagiri,891.25,1154,521.55,316.96,545.79,26.13,0.52,11.44,10.04,33.53,7.59,8.3,1007.43,2
17-07-2025,Thane,2367.45,288.44,818.49,310.32,37.2,25.41,3.12,10.77,5.6,34.78,5.49,8.47,1007.16,2.094
19-07-2025,Sindhudurg,2038.42,143.18,782.14,116.47,39.75,26.86,3.01,11.15,9.15,33.48,5.99,8.14,1005.92,1.639
21-07-2025,Palghar,1525.17,496.52,822.4,696.66,360.35,27.44,1.89,3.86,7.42,33.45,5.73,7.62,1005.26,1.356
31-08-2025,Sindhudurg,4025.78,1079.01,327.41,196.45,333.12,27.19,0.94,9.18,13.02,36.23,5.1,8.48,1007.93,1.347
08-09-2025,Thane,984.91,547.19,723.29,477.09,235.97,28.48,1.82,9.31,6.59,35.27,6.27,8.16,1014.84,1.581
11-09-2025,Sindhudurg,4071.09,411.38,614.22,703.09,387.66,26.64,2.15,8.74,6.11,36.49,5.65,8.31,1006.72,1.728
15-09-2025,Mumbai,1884.38,626.42,157.74,519.72,342.78,26.71,0.76,5.8,2.38,34.72,7.49,7.51,1007.94,1.348
20-09-2025,Raigad,3057.3,404.4,872.2,300.04,83,26.31,1.28,10.99,6.71,35.26,5.83,7.86,1011.23,1.842
22-09-2025,Thane,3713.34,1116.52,777.91,435.04,363.93,30.23,1.23,7.48,13.24,35.42,6.53,8.05,1008.98,0.525
24-09-2025,Mumbai,4522.73,1014.52,307.92,95.86,81.37,26.65,1.72,11.86,14.04,36.59,5.75,7.74,1013.2,0.849
02-10-2025,Mumbai,1912.17,940.8,109.44,128.29,246.24,27.01,2.2,7,12,33.41,7.11,8.06,1005.18,0.657
04-10-2025,Palghar,2799.54,595.93,896.95,420.17,84.03,26.76,2.37,8.81,14.29,33.37,5.49,8.32,1010.06,2.024
08-10-2025,Sindhudurg,4070.42,484.61,516.08,456.21,497.56,26.27,3.77,11.43,7.74,35.64,7.73,8.14,1013.5,0.998
17-10-2025,Sindhudurg,3185.12,673.38,262.47,226.84,148.41,29.87,2.84,9.27,3.45,35.99,6.3,8.47,1005.04,2.051
18-10-2025,Ratnagiri,2195.38,454.89,386.08,791.67,528.26,24.67,2.41,6.39,2.8,36.03,5.93,7.63,1009.14,1.066
28-10-2025,Palghar,1811.01,765.98,805.21,557.13,368.99,27.17,3.05,7.78,4.86,35.62,5.24,7.66,1011.5,0.856
08-11-2025,Sindhudurg,4511.45,556.77,284.11,437.35,423.82,27.24,1.38,6.99,3.77,34.85,7.13,7.98,1005.47,2.197
15-11-2025,Ratnagiri,2124.28,672.83,738.29,190.59,242.39,27.36,2.11,10.63,10.32,36.91,5.86,7.53,1007.76,1.453
22-11-2025,Mumbai,4536.98,297.76,474.87,398,224.34,28.57,2.43,4.82,10.16,35.84,7.36,7.86,1006.18,0.529
23-11-2025,Mumbai,4680.58,940.99,911.44,218.06,525.94,26.4,1.04,10.11,10.35,34.34,7.52,7.85,1013.49,1.445
24-11-2025,Ratnagiri,3258.22,1181.15,962.28,707.34,483.6,28.11,1.83,7.14,8.64,34.51,5.75,8.01,1010.33,0.993
27-11-2025,Raigad,2978.79,1171.9,717.12,465.49,640.19,31.36,2.94,6.76,8.7,36.06,7.8,8.39,1014.93,0.728
07-12-2025,Sindhudurg,3800.74,1180.33,769.23,310.23,297.43,31.99,0.86,10,3.33,34.63,7.06,7.68,1009.11,1.076
09-12-2025,Thane,3057.65,275.56,935.06,485.16,691.04,24.31,2.91,9.5,4.27,36.44,7.76,8.36,1009.37,2.334
15-12-2025,Thane,1685.78,417.87,198.86,722.56,681.96,24.32,2.47,5.1,12.63,36.74,6.99,8.33,1012.74,0.972
21-12-2025,Palghar,1374.71,1144.29,286.82,302.8,698.63,24.37,3.46,11.27,7.72,34.96,7.54,7.52,1010.85,2.409
31-12-2025,Sindhudurg,2998.07,739.26,488.02,198.25,33.2,29.61,1.98,3.21,5.76,33.79,5.21,7.86,1008.03,0.541
